,logC,logGamma
7,2.9079768925134437,-6.569771081205465
8,4.931606609479475,-7.832232236906186
9,5.627721306949374,-8.642101934041394
10,6.512591483131228,-8.229961953608244
